{"cameraMode":{"drawMode":0,"name":"Shaded","section":"Shading Mode"},"sceneLighting":true,"audioPlay":false,"sceneViewState":{"showFog":true,"showMaterialUpdate":false,"showSkybox":true,"showFlares":true,"showImageEffects":true,"showParticleSystems":true,"showVisualEffectGraphs":true,"m_FxEnabled":true},"in2DMode":false,"pivot":{"x":4.4513020515441898,"y":5.937921047210693,"z":-0.39835190773010256},"rotation":{"x":-0.16782201826572419,"y":0.21459273993968965,"z":-0.03745713829994202,"w":-0.9614508748054504},"size":5.136675834655762,"orthographic":false}